,City,Country,Lat,Lng,Max Temp($^\circ$F),Humidity,Cloudiness,Wind Speed,Current Weather
0,Pimenta Bueno,BR,-11.6725,-61.1936,72.73,89,96,1.79,heavy intensity rain
1,Samarai,PG,-10.6167,150.6667,84.99,72,50,12.97,scattered clouds
2,Anadyr,RU,64.75,177.4833,36.1,93,40,38.03,scattered clouds
3,Hobart,AU,-42.8794,147.3294,51.66,65,75,17.27,broken clouds
4,Chalette-Sur-Loing,FR,48.0134,2.7359,52.07,90,100,10.2,overcast clouds
5,Tuktoyaktuk,CA,69.4541,-133.0374,-5.8,84,20,8.05,few clouds
6,Ishigaki,JP,24.3448,124.1572,73.53,100,75,8.05,mist
7,Codrington,AU,-38.2667,141.9667,53.83,57,89,13.65,overcast clouds
8,New Norfolk,AU,-42.7826,147.0587,51.3,71,98,5.01,overcast clouds
9,Cidreira,BR,-30.1811,-50.2056,69.62,60,6,8.12,clear sky
10,Guiyang,CN,26.5833,106.7167,50.49,100,100,6.71,mist
11,Pangkalanbuun,ID,-2.6833,111.6167,73.27,95,100,1.86,overcast clouds
12,Port Blair,IN,11.6667,92.75,76.66,85,100,3.47,overcast clouds
13,Atuona,PF,-9.8,-139.0333,77.83,70,4,14.5,clear sky
14,Shache,CN,38.4167,77.2406,35.35,38,1,1.57,clear sky
15,Grand Baie,MU,-20.0182,57.5802,70.27,66,47,4.0,scattered clouds
16,Vaini,TO,-21.2,-175.2,77.16,88,40,6.91,scattered clouds
17,Bredasdorp,ZA,-34.5322,20.0403,62.44,80,73,7.2,light rain
18,Nome,US,64.5011,-165.4064,23.07,80,0,16.11,clear sky
19,Manavalakurichi,IN,8.1333,77.3,77.2,83,98,3.15,moderate rain
20,Kununurra,AU,-15.7667,128.7333,84.18,70,77,9.22,broken clouds
21,Tafresh,IR,34.692,50.013,41.67,33,0,2.89,clear sky
22,Ambon,ID,-3.6954,128.1814,77.14,94,20,5.75,few clouds
23,Aykhal,RU,66.0,111.5,-19.88,99,99,5.97,overcast clouds
24,Avarua,CK,-21.2078,-159.775,77.05,65,74,17.27,broken clouds
25,Mataura,NZ,-46.1927,168.8643,70.95,45,100,4.36,overcast clouds
26,Cape Town,ZA,-33.9258,18.4232,63.12,80,75,9.22,broken clouds
27,Georgetown,MY,5.4112,100.3354,80.24,93,20,2.3,few clouds
28,Oga,IT,46.4631,10.347,37.94,99,100,3.71,overcast clouds
29,Tarakan,ID,3.3,117.6333,76.5,100,40,1.14,scattered clouds
30,Kultuk,RU,51.7208,103.6956,29.71,76,100,6.13,overcast clouds
31,Severo-Kurilsk,RU,50.6789,156.125,34.7,77,93,17.29,light snow
32,Chuy,UY,-33.6971,-53.4616,62.2,62,0,6.91,clear sky
33,Ostrovnoy,RU,68.0531,39.5131,37.27,79,100,21.18,light rain
34,Parga,GR,39.2831,20.3964,59.13,79,100,4.03,overcast clouds
35,Denpasar,ID,-8.65,115.2167,78.46,88,20,1.14,few clouds
36,Port Alfred,ZA,-33.5906,26.891,62.19,88,81,4.0,broken clouds
37,Griffith,US,41.5284,-87.4237,37.33,90,100,0.0,overcast clouds
38,Hithadhoo,MV,-0.6,73.0833,81.36,77,84,15.12,broken clouds
39,Winslow,US,35.0242,-110.6974,50.18,25,0,11.5,clear sky
40,San Luis,AR,-33.295,-66.3356,78.03,27,94,10.83,overcast clouds
41,Salalah,OM,17.0151,54.0924,75.29,57,0,2.3,clear sky
42,Ushuaia,AR,-54.8,-68.3,55.02,76,75,8.05,light rain
43,Beboto,TD,8.2668,16.939,74.46,37,37,2.08,scattered clouds
44,Petropavlovsk-Kamchatskiy,RU,53.0452,158.6483,25.39,74,20,4.47,few clouds
45,Victoria,HK,22.2855,114.1577,75.38,82,48,10.0,scattered clouds
46,Henties Bay,NA,-22.116,14.2845,59.38,88,0,9.01,clear sky
47,Cayenne,GF,4.9333,-52.3333,80.64,83,0,6.91,clear sky
48,Kulhudhuffushi,MV,6.6221,73.07,81.01,77,95,8.03,overcast clouds
49,Pangai,TO,-19.8,-174.35,82.51,74,20,6.91,few clouds
50,Tigil,RU,57.8,158.6667,28.67,96,100,14.94,light snow
51,Ilulissat,GL,69.2167,-51.1,12.54,96,99,5.82,overcast clouds
52,Bluff,NZ,-46.6,168.3333,60.76,64,100,6.49,overcast clouds
53,Barrow,US,71.2906,-156.7887,24.82,80,40,25.32,scattered clouds
54,Rikitea,PF,-23.1203,-134.9692,74.97,81,91,17.69,overcast clouds
55,Hasaki,JP,35.7333,140.8333,50.22,66,46,13.94,scattered clouds
56,Tasiilaq,GL,65.6145,-37.6368,21.6,62,44,7.52,scattered clouds
57,Aksarka,RU,66.5606,67.7975,-9.76,88,36,7.05,scattered clouds
58,Ribeira Grande,PT,38.5167,-28.7,66.78,92,31,11.01,scattered clouds
59,Amaigbo,NG,5.7892,7.8383,74.07,79,73,4.52,broken clouds
60,Sistranda,NO,63.7256,8.834,42.76,56,0,24.09,clear sky
61,Illapel,CL,-31.6308,-71.1653,72.46,50,100,5.17,overcast clouds
62,Puerto Ayora,EC,-0.7393,-90.3518,76.96,87,66,8.01,broken clouds
63,Fatehpur,IN,25.9333,80.8,66.16,51,0,6.11,clear sky
64,Turukhansk,RU,65.8167,87.9833,-23.44,92,11,4.34,few clouds
65,The Valley,AI,18.217,-63.0578,81.1,78,20,10.36,few clouds
66,Joao Camara,BR,-5.5375,-35.8197,75.31,76,20,11.7,few clouds
67,Salamanca,ES,40.8333,-6.0,49.8,90,100,10.13,overcast clouds
68,Ibotirama,BR,-12.1853,-43.2206,80.82,56,67,3.09,broken clouds
69,Busselton,AU,-33.65,115.3333,61.05,60,59,7.34,broken clouds
70,Yellowknife,CA,62.456,-114.3525,23.52,80,100,17.27,light snow
71,Nuuk,GL,64.1835,-51.7216,22.87,100,100,15.99,overcast clouds
72,Port Hardy,CA,50.6996,-127.4199,42.98,87,40,3.44,scattered clouds
73,Kodiak,US,57.79,-152.4072,42.31,87,100,12.66,mist
74,Albany,US,42.6001,-73.9662,35.94,63,100,0.94,overcast clouds
75,Concordia,AR,-31.393,-58.0209,73.85,33,0,4.99,clear sky
76,Hamilton,US,39.1834,-84.5333,41.94,91,100,3.44,mist
77,Gubkinskiy,RU,64.434,76.5026,-14.33,84,5,11.03,clear sky
78,Port Lincoln,AU,-34.7333,135.8667,56.55,54,56,8.41,broken clouds
79,Longyearbyen,SJ,78.2186,15.6401,37.24,65,75,13.8,broken clouds
80,Flinders,AU,-34.5833,150.8552,64.18,56,28,1.99,scattered clouds
81,Cherskiy,RU,68.75,161.3,-22.68,99,77,5.28,broken clouds
82,Mali,GN,12.079,-12.2982,63.7,55,100,3.36,overcast clouds
83,Kapaa,US,22.0752,-159.319,79.12,61,20,16.11,few clouds
84,Morwell,AU,-38.2333,146.4,47.41,72,98,6.13,light rain
85,Northam,GB,51.0333,-4.2167,44.62,96,85,12.66,overcast clouds
86,Sabang,ID,5.8933,95.3214,80.29,80,100,22.95,light rain
87,Broome,US,42.2506,-75.833,33.85,90,100,6.91,snow
88,Hilo,US,19.7297,-155.09,81.25,61,20,9.22,few clouds
89,Ponta Do Sol,PT,32.6667,-17.1,68.72,60,100,5.26,overcast clouds
90,Castro,BR,-24.7911,-50.0119,59.67,67,0,4.18,clear sky
91,Rayagada,IN,19.1667,83.4167,58.91,61,0,3.18,clear sky
92,Mitu,CO,1.1983,-70.1733,73.72,99,100,1.34,overcast clouds
93,Niksic,ME,42.7731,18.9445,44.46,97,99,3.24,overcast clouds
94,Hualmay,PE,-11.0964,-77.6139,65.91,80,44,9.01,scattered clouds
95,Dikson,RU,73.5069,80.5464,-9.13,99,18,4.92,few clouds
96,Guerrero Negro,MX,27.9769,-114.0611,72.64,29,11,8.57,few clouds
97,Jasper,US,37.2001,-94.3502,41.02,64,40,9.22,scattered clouds
98,Kirakira,SB,-10.4544,161.9205,85.41,66,29,4.94,scattered clouds
99,Esperance,AU,-33.8667,121.9,57.04,66,11,16.37,few clouds
100,Saint-Augustin,CA,51.226,-58.6502,20.77,86,66,6.96,broken clouds
101,Saint-Francois,FR,46.4154,3.9054,51.24,93,75,5.75,broken clouds
102,Cabo San Lucas,MX,22.8909,-109.9124,81.61,68,16,5.01,few clouds
103,Bengkulu,ID,-3.8004,102.2655,75.04,86,99,9.64,overcast clouds
104,Artyom,AZ,40.4723,50.333,50.14,71,91,7.52,overcast clouds
105,Geraldton,AU,-28.7667,114.6,59.41,72,1,6.91,clear sky
106,Mao,ES,39.8885,4.2658,68.56,83,0,14.97,clear sky
107,Nanortalik,GL,60.1432,-45.2371,28.27,77,100,15.46,overcast clouds
108,Hof,DE,50.3167,11.9167,44.73,85,100,5.75,overcast clouds
109,Faanui,PF,-16.4833,-151.75,79.47,73,99,3.09,overcast clouds
110,Yar-Sale,RU,66.8333,70.8333,-10.14,91,32,5.37,scattered clouds
111,Provideniya,RU,64.3833,-173.3,32.36,80,100,31.32,overcast clouds
112,Minab,IR,27.1467,57.0801,79.12,69,2,3.44,clear sky
113,Talnakh,RU,69.4865,88.3972,-10.12,99,95,4.81,overcast clouds
114,Guapi,CO,2.5708,-77.8854,76.05,91,95,4.72,light rain
115,Sinnamary,GF,5.3833,-52.95,79.02,85,91,11.23,overcast clouds
116,Jamestown,US,42.097,-79.2353,32.72,78,100,5.75,snow
117,Koulikoro,ML,14.0,-7.75,81.7,23,100,6.85,overcast clouds
118,Finschhafen,PG,-6.6024,147.8681,85.24,69,92,6.42,overcast clouds
119,Port Elizabeth,ZA,-33.918,25.5701,62.89,76,0,10.36,clear sky
120,Inhambane,MZ,-23.865,35.3833,68.02,72,0,1.19,clear sky
121,Kamaishi,JP,39.2667,141.8833,48.15,66,82,9.93,broken clouds
122,Luderitz,NA,-26.6481,15.1594,58.64,78,5,10.78,clear sky
123,Zeya,RU,53.75,127.2667,11.84,92,94,3.0,overcast clouds
124,Ciudad Bolivar,VE,8.1222,-63.5497,83.71,64,94,12.17,overcast clouds
125,Punta Arenas,CL,-53.15,-70.9167,57.31,41,0,21.85,clear sky
126,Qaanaaq,GL,77.484,-69.3632,-4.07,76,7,7.18,clear sky
127,Guangyuan,CN,32.442,105.823,54.5,82,100,3.02,overcast clouds
128,Mount Isa,AU,-20.7333,139.5,78.57,22,48,11.5,scattered clouds
129,College,US,64.8569,-147.8028,16.59,88,75,10.36,fog
130,Aswan,EG,24.0934,32.907,67.3,37,0,13.8,clear sky
131,Iqaluit,CA,63.7506,-68.5145,2.93,78,75,12.66,light snow
132,Sola,VU,-13.8833,167.55,86.67,74,1,3.44,clear sky
133,Upernavik,GL,72.7868,-56.1549,18.63,89,100,9.89,light snow
134,Taoudenni,ML,22.6783,-3.9836,78.94,13,84,10.4,broken clouds
135,Mar Del Plata,AR,-38.0023,-57.5575,73.42,50,0,0.0,clear sky
136,Airai,TL,-8.9266,125.4092,67.77,71,78,0.69,broken clouds
137,Aklavik,CA,68.2191,-135.0107,0.97,94,23,6.98,few clouds
138,Komsomolskiy,UZ,40.4272,71.7189,47.12,71,40,2.3,scattered clouds
139,Tagusao,PH,9.1924,117.8141,79.86,83,100,3.98,overcast clouds
140,Bhainsa,IN,26.9548,76.9012,68.05,47,0,4.25,clear sky
141,Dali,CN,25.7,100.1833,44.47,83,2,3.02,clear sky
142,Butaritari,KI,3.0707,172.7902,81.55,79,27,14.65,scattered clouds
143,Antsla,EE,57.8256,26.5406,33.67,81,100,8.88,overcast clouds
144,Goderich,CA,43.7501,-81.7165,32.92,80,100,12.66,overcast clouds
145,Zaysan,KZ,47.4667,84.8667,36.73,77,100,1.63,overcast clouds
146,Sisimiut,GL,66.9395,-53.6735,17.47,91,99,7.56,overcast clouds
147,Mount Gambier,AU,-37.8333,140.7667,54.16,57,43,8.39,light rain
148,Iguape,BR,-24.7081,-47.5553,69.85,77,0,7.72,clear sky
149,Bonavista,CA,48.6499,-53.1147,35.11,77,100,15.43,overcast clouds
150,Ixtapa,MX,20.7,-105.2,79.23,74,1,5.99,clear sky
151,Lavrentiya,RU,65.5833,-171.0,29.8,86,100,29.3,overcast clouds
152,Mindelo,CV,16.8901,-24.9804,74.75,69,20,16.11,few clouds
153,Tuatapere,NZ,-46.1333,167.6833,68.54,53,95,2.59,overcast clouds
154,Hofn,IS,64.2539,-15.2082,46.58,95,100,22.21,overcast clouds
155,Coihaique,CL,-45.5752,-72.0662,58.95,44,75,8.05,broken clouds
156,Waingapu,ID,-9.6567,120.2641,82.45,76,84,2.08,broken clouds
157,Torbay,CA,47.6666,-52.7314,35.28,89,100,4.61,light snow
158,Pedasi,PA,7.5333,-80.0333,79.07,85,81,6.71,light rain
159,Bathsheba,BB,13.2167,-59.5167,81.21,78,40,17.27,scattered clouds
160,Egvekinot,RU,66.3167,-179.1667,26.64,98,100,17.6,snow
161,Mahebourg,MU,-20.4081,57.7,70.09,64,20,2.3,few clouds
162,Acarau,BR,-2.8856,-40.12,78.71,72,15,17.6,few clouds
163,Nalut,LY,30.3333,10.85,60.8,29,0,6.8,clear sky
164,Nayoro,JP,44.3506,142.4578,34.95,92,90,1.05,light snow
165,Tam Ky,VN,15.5667,108.4833,72.99,93,8,3.74,clear sky
166,Chihuahua,MX,28.5,-106.0,62.2,27,100,6.71,overcast clouds
167,Kampar,MY,4.3,101.15,78.94,94,100,1.9,overcast clouds
168,Pevek,RU,69.7008,170.3133,-2.72,91,100,2.35,overcast clouds
169,Marsh Harbour,BS,26.5412,-77.0636,79.74,73,24,6.78,few clouds
170,Srednekolymsk,RU,67.45,153.6833,-26.3,99,44,8.59,scattered clouds
171,Vidim,RU,56.4088,103.1106,25.41,92,100,7.27,overcast clouds
172,Sitka,US,57.0531,-135.33,48.09,87,75,4.61,broken clouds
173,Arraial Do Cabo,BR,-22.9661,-42.0278,71.06,95,100,12.88,moderate rain
174,Kidal,ML,18.4411,1.4078,73.94,16,100,10.25,overcast clouds
175,Shingu,JP,33.7333,135.9833,53.83,62,0,4.74,clear sky
176,Santa,PH,17.486,120.4348,82.02,67,0,4.7,clear sky
177,Palmer,US,42.1584,-72.3287,39.85,58,100,3.44,overcast clouds
178,Saint-Philippe,RE,-21.3585,55.7679,69.39,79,40,10.56,light rain
179,Chicama,PE,-7.8447,-79.1469,64.94,76,70,7.99,broken clouds
180,Norman Wells,CA,65.282,-126.8329,10.44,85,75,4.61,broken clouds
181,Arenapolis,BR,-14.4503,-56.8461,84.29,51,100,1.66,overcast clouds
182,Sobolevo,RU,54.4299,31.8996,33.51,97,100,6.38,overcast clouds
183,Fuente Palmera,ES,37.7049,-5.0996,61.75,91,100,17.36,overcast clouds
184,Todos Santos,MX,23.45,-110.2167,77.67,66,8,6.69,clear sky
185,Kieta,PG,-6.2167,155.6333,84.06,69,96,4.05,overcast clouds
186,Malanje,AO,-9.5402,16.341,60.91,83,96,2.89,light rain
187,Lompoc,US,34.6391,-120.4579,69.94,59,0,9.22,clear sky
188,Minas,UY,-34.3759,-55.2377,58.77,63,0,4.79,clear sky
189,Katsuura,JP,35.1333,140.3,55.42,76,2,14.65,clear sky
190,Asau,RO,46.4333,26.4,36.52,63,52,5.39,broken clouds
191,Chokurdakh,RU,70.6333,147.9167,-36.18,100,53,1.19,broken clouds
192,Riyadh,SA,24.6877,46.7219,68.14,30,0,9.69,clear sky
193,Lamu,KE,-2.2717,40.902,77.76,85,57,7.85,broken clouds
194,East London,ZA,-33.0153,27.9116,66.27,76,90,17.52,overcast clouds
195,Havelock,US,34.8791,-76.9013,71.58,83,100,10.36,overcast clouds
196,Mitsamiouli,KM,-11.3847,43.2844,77.85,81,97,9.37,overcast clouds
197,Sao Joao Da Barra,BR,-21.6403,-41.0511,77.09,96,100,6.98,overcast clouds
198,Kruisfontein,ZA,-34.0033,24.7314,56.88,77,57,8.63,broken clouds
199,Gornozavodsk,RU,58.3758,58.3211,3.83,95,89,0.22,overcast clouds
200,Kavaratti,IN,10.5669,72.642,80.82,75,94,4.76,overcast clouds
201,Tulungagung,ID,-8.0657,111.9025,76.71,90,100,1.95,overcast clouds
202,Hailin,CN,44.5833,129.4167,20.12,93,100,2.04,overcast clouds
203,Bethel,US,41.3712,-73.414,42.55,59,100,3.0,overcast clouds
204,Shubarshi,KZ,48.5872,57.1869,22.98,74,83,16.35,broken clouds
205,Mangai,CD,-4.05,19.5333,69.08,89,100,1.81,light rain
206,Kiama,AU,-34.6833,150.8667,64.38,59,45,1.01,scattered clouds
207,San Vicente,AR,-26.6167,-54.1333,59.61,71,0,2.55,clear sky
208,Coquimbo,CL,-29.9533,-71.3436,65.93,68,0,10.36,clear sky
209,Eirunepe,BR,-6.6603,-69.8736,74.84,95,88,2.53,overcast clouds
210,Russell,US,32.3502,-85.1999,59.2,88,100,6.91,overcast clouds
211,Camacha,PT,33.0833,-16.3333,63.82,82,20,5.75,few clouds
212,Mildura,AU,-34.2,142.15,54.07,63,4,15.3,clear sky
213,Bambous Virieux,MU,-20.3428,57.7575,70.05,64,20,2.3,few clouds
214,San Quintin,MX,30.4833,-115.95,65.39,45,0,9.31,clear sky
215,Colotlan,MX,22.1,-103.2667,76.1,24,0,12.12,clear sky
216,Nikolskoye,RU,59.7035,30.7861,35.49,93,100,3.06,overcast clouds
217,Baykit,RU,61.67,96.37,2.5,97,100,2.73,light snow
218,Chipinge,ZW,-20.1883,32.6236,58.96,78,0,2.73,clear sky
219,Zhigansk,RU,66.7697,123.3711,-19.53,97,100,13.4,overcast clouds
220,Launceston,AU,-41.45,147.1667,54.81,60,40,10.36,scattered clouds
221,Kahului,US,20.8947,-156.47,79.97,79,73,5.99,broken clouds
222,Sahuaripa,MX,29.05,-109.2333,76.69,33,100,7.85,overcast clouds
223,Okha,RU,53.5739,142.9478,18.07,89,31,10.54,scattered clouds
224,Marilandia,BR,-19.4128,-40.5417,73.09,98,100,5.64,overcast clouds
225,San Patricio,US,28.017,-97.5169,59.54,46,78,11.41,broken clouds
226,Laguna,US,38.421,-121.4238,70.45,30,0,10.36,clear sky
227,Isangel,VU,-19.55,169.2667,82.51,78,20,0.0,few clouds
228,Kuytun,RU,54.3419,101.5036,24.08,91,100,3.29,overcast clouds
229,Kangasala,FI,61.4638,24.076,32.27,100,50,6.06,scattered clouds
230,Sao Filipe,CV,14.8961,-24.4956,76.06,71,76,4.63,broken clouds
231,Hermanus,ZA,-34.4187,19.2345,60.8,83,100,5.99,light rain
232,Tazovskiy,RU,67.4667,78.7,-17.52,99,35,5.03,scattered clouds
233,Maceio,BR,-9.6658,-35.7353,76.44,88,0,4.61,clear sky
234,Kushmurun,KZ,52.4503,64.6311,20.03,93,100,12.95,overcast clouds
235,Tongliao,CN,43.6125,122.2653,22.06,76,1,8.23,clear sky
236,Vila,PT,42.0304,-8.1588,45.48,94,100,6.67,overcast clouds
237,Manjacaze,MZ,-24.7117,33.8828,62.94,81,0,4.9,clear sky
238,Muyezerskiy,RU,63.9333,31.65,29.07,89,94,6.46,overcast clouds
239,Dubbo,AU,-32.25,148.6167,57.33,44,75,11.5,broken clouds
240,Hervey Bay,AU,-25.2986,152.8535,81.01,71,79,14.0,broken clouds
241,Khasan,RU,42.4308,130.6434,35.06,60,29,4.5,scattered clouds
242,Thompson,CA,55.7435,-97.8558,14.16,85,20,3.44,few clouds
243,Koslan,RU,63.4564,48.8989,5.02,98,99,2.44,overcast clouds
244,Khatanga,RU,71.9667,102.5,-8.07,97,99,10.42,overcast clouds
245,Panjakent,TJ,39.4952,67.6093,42.06,73,100,3.74,overcast clouds
246,Tateyama,JP,34.9833,139.8667,55.33,71,20,11.5,few clouds
247,Dunedin,NZ,-45.8742,170.5036,58.21,88,100,2.04,light rain
248,Chimbote,PE,-9.0853,-78.5783,65.82,79,56,9.51,broken clouds
249,Westport,US,41.1415,-73.3579,45.75,56,100,8.01,overcast clouds
250,Saint George,US,37.1041,-113.5841,55.44,24,0,25.32,clear sky
251,Babat,ID,-7.1128,112.1635,78.22,87,100,2.77,overcast clouds
252,Lucapa,AO,-8.4192,20.7447,64.9,98,99,2.98,light rain
253,Vrangel,RU,42.7297,133.0839,33.53,56,0,6.15,clear sky
254,Bustamante,MX,26.5333,-100.5,60.78,35,2,7.58,clear sky
255,Indian Head,US,38.6001,-77.1622,43.56,93,20,11.5,moderate rain
256,Tautira,PF,-17.7333,-149.15,77.92,81,94,6.46,light rain
257,Faya,SA,18.3851,42.4509,57.31,79,17,3.51,few clouds
258,Havoysund,NO,70.9963,24.6622,41.23,71,100,20.65,overcast clouds
259,Erzin,TR,36.9559,36.2,59.58,78,99,7.05,overcast clouds
260,Vung Tau,VN,10.346,107.0843,78.4,80,96,6.78,overcast clouds
261,Qui Nhon,VN,13.7667,109.2333,74.71,91,13,6.49,few clouds
262,Meulaboh,ID,4.1363,96.1285,74.95,92,100,5.17,light rain
263,Price,US,39.5994,-110.8107,40.26,24,0,13.8,clear sky
264,Bandarbeyla,SO,9.4942,50.8122,78.62,73,9,14.56,clear sky
265,Dire,ML,12.2833,-10.9667,75.87,73,100,3.76,overcast clouds
266,Ibimirim,BR,-8.5406,-37.6903,83.03,51,100,18.39,overcast clouds
267,Buala,SB,-8.145,159.5921,82.65,75,80,3.83,light rain
268,Salima,MW,-13.7804,34.4587,76.15,68,63,9.46,broken clouds
269,Makakilo City,US,21.3469,-158.0858,79.45,60,6,12.93,clear sky
270,Marzuq,YE,14.4,46.4667,62.08,50,0,1.21,clear sky
271,Mumford,GH,5.2618,-0.759,79.56,82,36,8.59,light rain
272,Ust-Ilimsk,RU,58.0006,102.6619,29.88,98,100,5.35,snow
273,Sonoita,MX,31.85,-112.8333,69.57,14,4,5.55,clear sky
274,Kloulklubed,PW,7.0419,134.2556,80.22,86,99,20.27,overcast clouds
275,Shahr-E Babak,IR,30.1165,55.1186,50.36,56,0,1.77,clear sky
276,Nova Vicosa,BR,-17.8919,-39.3719,76.77,87,98,12.95,overcast clouds
277,Horsham,GB,51.064,-0.3272,52.52,88,20,2.3,light rain
278,Bowen,AU,-20.0167,148.2333,83.89,60,97,5.46,overcast clouds
279,Kikwit,CD,-5.041,18.8162,70.12,98,94,0.98,light rain
280,Port Macquarie,AU,-31.4333,152.9167,70.9,56,8,11.81,clear sky
281,Ponta Delgada,PT,37.7333,-25.6667,66.51,94,75,13.8,light rain
282,Buenaventura,CO,3.8801,-77.0312,75.27,95,100,1.72,overcast clouds
283,Hulan,CN,45.9833,126.6,19.51,73,98,8.3,overcast clouds
284,Whitehorse,CA,60.7161,-135.0538,32.31,97,100,5.75,mist
285,Namatanai,PG,-3.6667,152.4333,83.97,62,98,6.49,overcast clouds
286,Carnarvon,AU,-24.8667,113.6333,71.15,72,0,8.19,clear sky
287,Fairbanks,US,64.8378,-147.7164,16.61,88,40,10.36,fog
288,Nabire,ID,-3.3667,135.4833,79.23,86,99,2.13,overcast clouds
289,Opelousas,US,30.5335,-92.0815,45.93,69,94,12.91,overcast clouds
290,Thunder Bay,CA,48.4001,-89.3168,28.38,74,100,17.27,overcast clouds
291,Solnechnyy,RU,50.7214,136.6319,15.1,92,45,0.67,scattered clouds
292,Neryungri,RU,56.6709,124.6491,-30.08,97,50,1.74,scattered clouds
293,Portland,US,45.5234,-122.6762,57.47,51,4,14.0,clear sky
294,Fayaoue,NC,-20.65,166.5333,77.13,68,0,4.72,clear sky
295,Along,IN,28.1667,94.7667,53.83,74,37,1.81,scattered clouds
296,Kabare,CD,-2.4683,28.8242,60.66,94,100,1.57,overcast clouds
297,Bud,US,39.447,-86.1758,39.15,92,100,8.81,overcast clouds
298,Udachnyy,RU,66.4167,112.4,-22.76,98,87,5.5,overcast clouds
299,Kaitangata,NZ,-46.2817,169.8464,59.85,72,100,2.82,overcast clouds
300,Nishihara,JP,26.1842,127.7558,70.88,73,75,11.5,broken clouds
301,Clyde River,CA,70.4692,-68.5914,-3.77,71,20,5.75,few clouds
302,Pangnirtung,CA,66.1451,-65.7125,-0.8,93,98,2.93,overcast clouds
303,Tiksi,RU,71.6872,128.8694,-19.88,98,84,7.85,broken clouds
304,Poum,NC,-20.2333,164.0167,78.39,78,11,13.02,few clouds
305,Bonaventure,CA,48.0457,-65.4926,32.54,80,64,4.61,broken clouds
306,Karratha,AU,-20.7377,116.8463,75.29,69,11,6.15,few clouds
307,Atambua,ID,-9.1061,124.8925,79.88,74,81,0.36,broken clouds
308,Qaqortoq,GL,60.7167,-46.0333,21.92,88,100,2.24,overcast clouds
309,Zirandaro,MX,18.45,-100.9833,91.45,42,46,2.91,scattered clouds
310,Sao Jose Da Coroa Grande,BR,-8.8978,-35.1478,77.22,83,28,8.63,scattered clouds
311,Angoram,PG,-4.0625,144.0661,83.12,71,24,2.77,few clouds
312,Guozhen,CN,34.3659,107.359,48.96,73,100,1.86,overcast clouds
313,Chodavaram,IN,17.8333,82.95,63.93,61,0,3.13,clear sky
314,Nouadhibou,MR,20.931,-17.0347,78.78,36,0,13.8,clear sky
315,Vila Velha,BR,-20.3297,-40.2925,76.95,91,100,11.5,light rain
316,Huejuquilla El Alto,MX,22.6,-103.8667,72.77,17,0,12.86,clear sky
317,Acapulco,MX,16.8634,-99.8901,82.76,78,13,6.93,few clouds
318,Olbernhau,DE,50.6667,13.3333,39.15,90,40,5.61,scattered clouds
319,Lebu,CL,-37.6167,-73.65,59.14,85,50,7.09,scattered clouds
320,Salcininkai,LT,54.3,25.3833,39.29,82,99,6.76,overcast clouds
321,Champerico,GT,14.3,-91.9167,91.94,76,73,6.24,broken clouds
322,Dashitou,CN,43.3067,128.5114,25.39,87,68,7.36,broken clouds
323,Cockburn Town,TC,21.4612,-71.1419,81.59,78,5,16.78,clear sky
324,Iquitos,PE,-3.7481,-73.2472,86.04,70,75,3.44,heavy intensity rain
325,Lakatoro,VU,-16.0999,167.4164,83.5,70,13,7.09,few clouds
326,Viedma,AR,-40.8135,-62.9967,69.93,35,0,9.66,clear sky
327,Livingston,GB,55.9029,-3.5226,45.81,94,75,2.3,broken clouds
328,Taltal,CL,-25.4,-70.4833,61.92,81,44,1.43,scattered clouds
329,Velizh,RU,55.6056,31.1967,33.84,94,100,6.02,overcast clouds
330,Saint-Georges,GD,12.0564,-61.7485,80.28,83,20,17.27,few clouds
331,Paramonga,PE,-10.6667,-77.8333,65.21,83,28,8.43,scattered clouds
332,Saskylakh,RU,71.9167,114.0833,-16.02,97,99,6.73,overcast clouds
333,Luchegorsk,RU,46.4764,134.2569,20.26,92,75,3.58,broken clouds
334,Touros,BR,-5.1989,-35.4608,78.22,74,23,14.29,few clouds
335,Whitianga,NZ,-36.8333,175.7,67.12,79,41,7.56,scattered clouds
336,Ayan,RU,56.45,138.1667,6.42,67,3,13.56,clear sky
337,Marechal Candido Rondon,BR,-24.5561,-54.0567,65.1,69,0,2.17,light rain
338,Pisco,PE,-13.7,-76.2167,68.05,77,0,21.85,clear sky
339,Rantepao,ID,-2.9701,119.8978,69.17,96,100,2.01,overcast clouds
340,Yerbogachen,RU,61.2767,108.0108,1.58,96,100,6.69,light snow
341,Goya,AR,-29.14,-59.2626,77.65,24,63,4.99,broken clouds
342,Lazaro Cardenas,MX,17.9583,-102.2,81.95,74,48,7.52,scattered clouds
343,Poltavka,RU,54.3663,71.7632,23.02,94,100,6.04,light snow
344,Rocha,UY,-34.4833,-54.3333,58.41,65,0,6.62,clear sky
345,Beyneu,KZ,45.3167,55.2,30.58,62,93,9.51,overcast clouds
346,Coron,PH,11.9986,120.2043,80.85,76,94,5.37,overcast clouds
347,Tutoia,BR,-2.7619,-42.2744,79.05,78,4,14.67,clear sky
348,Port Augusta,AU,-32.5,137.7667,59.58,44,6,11.21,clear sky
349,Krasnyy Chikoy,RU,50.3643,108.7512,8.8,96,65,2.53,broken clouds
350,Sheregesh,RU,52.9209,87.9869,31.57,92,100,11.14,light snow
351,Ahuimanu,US,21.4447,-157.8378,80.62,61,24,4.0,few clouds
352,Takaka,NZ,-40.85,172.8,65.55,43,97,5.59,overcast clouds
353,Xining,CN,36.6167,101.7667,31.01,64,0,2.35,clear sky
354,Bilibino,RU,68.0546,166.4372,-1.34,91,100,9.73,overcast clouds
355,Mayumba,GA,-3.432,10.6554,77.23,80,92,6.24,overcast clouds
356,Souillac,MU,-20.5167,57.5167,70.18,64,20,2.3,few clouds
357,Gat,IL,31.61,34.7642,64.4,100,8,5.7,clear sky
358,Leh,IN,34.1667,77.5833,14.16,81,58,1.28,broken clouds
359,Boende,CD,-0.2167,20.8667,70.48,99,100,2.01,light rain
360,Nemuro,JP,43.3236,145.575,45.18,76,100,16.13,overcast clouds
361,Kokopo,PG,-4.352,152.2633,83.79,66,89,2.37,overcast clouds
362,Varzea Grande,BR,-15.6467,-56.1325,84.07,58,20,6.91,few clouds
363,Sampit,ID,-2.5333,112.95,73.15,96,100,1.72,overcast clouds
364,San Jeronimo,PE,-11.9472,-75.2829,54.7,77,76,3.96,broken clouds
365,Abu Dhabi,AE,24.4667,54.3667,80.62,75,0,1.14,clear sky
366,Ramapuram,IN,13.1167,79.2,68.45,95,3,1.61,clear sky
367,Hadejia,NG,12.4498,10.0444,71.28,25,41,9.13,scattered clouds
368,Staryy Nadym,RU,65.6118,72.6842,-14.12,96,13,4.59,few clouds
369,Mareeba,AU,-17.0,145.4333,85.44,69,42,4.72,scattered clouds
370,Amazar,RU,53.858,120.875,-1.08,98,14,2.39,few clouds
371,Jalu,LY,29.0331,21.5482,60.26,51,0,2.13,clear sky
372,Kindu,CD,-2.95,25.95,66.61,99,100,1.52,overcast clouds
373,Adrar,MR,20.5022,-10.0711,72.39,32,2,10.45,clear sky
374,Krasnoarmeysk,RU,51.0239,45.6969,28.6,63,100,6.35,overcast clouds
375,High Level,CA,58.5169,-117.136,35.71,80,75,12.66,smoke
376,Klaksvik,FO,62.2266,-6.589,49.12,90,100,35.03,moderate rain
377,Noshiro,JP,40.2039,140.0242,47.88,53,48,15.99,scattered clouds
378,Boden,SE,65.8252,21.6886,17.6,85,12,1.97,few clouds
379,Las Cruces,US,32.3123,-106.7783,59.34,23,75,6.91,broken clouds
380,Byron Bay,AU,-28.65,153.6167,77.7,40,0,8.55,clear sky
381,Quang Ngai,VN,15.1167,108.8,73.33,92,5,3.94,clear sky
382,Asfi,MA,32.2994,-9.2372,66.67,68,82,3.96,broken clouds
383,Lorengau,PG,-2.0226,147.2712,83.32,72,98,3.36,overcast clouds
384,Calbuco,CL,-41.768,-73.1273,60.01,96,100,4.12,light rain
385,Lata,PT,40.1629,-8.3327,60.82,94,100,3.76,overcast clouds
386,Kenai,US,60.5544,-151.2583,34.14,99,0,6.91,mist
387,Nacozari,MX,25.3366,-108.2574,83.1,51,35,10.27,scattered clouds
388,Atherton,GB,53.5237,-2.4935,47.28,92,86,1.99,overcast clouds
389,Kuzovatovo,RU,53.5468,47.6866,20.64,94,39,4.16,scattered clouds
390,Sovetskiy,RU,61.3614,63.5842,-1.64,89,99,7.52,overcast clouds
391,Vila Franca Do Campo,PT,37.7167,-25.4333,66.2,92,48,11.03,scattered clouds
392,Gari,RU,59.4307,62.3497,1.63,93,97,7.81,overcast clouds
393,Lebanon,US,36.2081,-86.2911,46.62,90,100,4.61,overcast clouds
394,Benjamin Constant,BR,-4.3831,-70.0311,80.73,94,75,5.75,thunderstorm with light rain
395,Oranjemund,NA,-28.55,16.4333,58.33,89,43,4.65,scattered clouds
396,Namibe,AO,-15.1961,12.1522,65.61,82,21,5.59,few clouds
397,Nelson Bay,AU,-32.7167,152.15,65.08,43,64,13.0,broken clouds
398,Swindon,GB,51.558,-1.7812,46.71,91,8,7.05,clear sky
399,Rauma,FI,61.1272,21.5113,32.04,87,6,7.36,clear sky
400,Wanning,CN,18.8003,110.3967,75.34,92,27,5.32,scattered clouds
401,Surt,LY,31.2089,16.5887,66.4,55,0,9.19,clear sky
402,Treinta Y Tres,UY,-33.2333,-54.3833,62.58,63,0,2.84,clear sky
403,Omsukchan,RU,62.5333,155.8,-15.2,84,87,5.66,overcast clouds
404,Truckee,US,39.328,-120.1833,42.26,49,0,9.22,clear sky
405,Walvis Bay,NA,-22.9575,14.5053,59.09,88,0,0.0,clear sky
406,Mae Sai,TH,20.4335,99.8762,67.68,99,85,0.94,overcast clouds
407,Yarada,IN,17.65,83.2667,71.74,70,0,4.81,clear sky
408,Mvuma,ZW,-19.2792,30.5283,58.8,87,2,4.72,clear sky
409,Waipawa,NZ,-41.4122,175.5153,70.07,45,0,5.79,clear sky
410,Khaga,IN,25.7833,81.1167,65.77,52,0,5.91,clear sky
411,Olafsvik,IS,64.8945,-23.7142,43.34,91,100,12.8,light rain
412,Sorland,NO,67.667,12.6934,42.66,59,7,14.45,clear sky
413,Puri,IN,19.8,85.85,63.12,60,0,9.6,clear sky
414,Mendi,PG,-6.1761,143.6513,66.4,71,82,1.61,broken clouds
415,Karachi,PK,24.9056,67.0822,69.62,56,0,0.0,haze
416,Songjianghe,CN,42.1859,127.479,24.08,91,47,3.65,scattered clouds
417,Vardo,NO,70.3705,31.1107,39.18,81,75,21.85,broken clouds
418,Ako,JP,34.75,134.4,51.37,75,0,7.81,clear sky
419,Saryg-Sep,RU,51.5,95.6,10.65,96,82,0.78,broken clouds
420,Springdale,US,36.1867,-94.1288,37.54,79,75,9.22,broken clouds
421,La Asuncion,VE,11.0333,-63.8628,73.13,100,14,14.97,light rain
422,Sohag,EG,26.557,31.6948,61.65,45,0,7.92,clear sky
423,Cubuk,TR,40.2386,33.0322,41.77,86,0,3.44,clear sky
424,Ampanihy,MG,-24.7,44.75,73.69,82,68,4.43,broken clouds
425,Flin Flon,CA,54.7682,-101.865,13.44,93,68,6.44,broken clouds
426,Cristobal Obregon,MX,16.35,-93.5333,74.84,79,22,5.7,few clouds
427,Donnacona,CA,46.6804,-71.7239,33.4,55,100,3.58,overcast clouds
428,Kilindoni,TZ,-7.9139,39.6668,78.35,81,46,10.2,scattered clouds
429,Meadow Lake,US,34.8014,-106.5436,49.46,25,3,5.28,clear sky
430,Grand Gaube,MU,-20.0064,57.6608,67.37,66,57,5.01,broken clouds
431,Ipameri,BR,-17.7219,-48.1597,74.34,73,100,5.01,overcast clouds
432,Hami,CN,42.8,93.45,35.46,40,84,5.1,broken clouds
433,Dombarovskiy,RU,50.7587,59.5386,21.63,76,99,17.16,overcast clouds
434,Carauari,BR,-4.8828,-66.8958,79.14,79,100,3.38,overcast clouds
435,Oriximina,BR,-1.7656,-55.8661,85.6,55,80,3.06,broken clouds
436,Vanimo,PG,-2.6741,141.3028,81.37,75,93,4.85,overcast clouds
437,Empangeni,ZA,-28.762,31.8933,63.97,87,23,6.67,few clouds
438,Vao,NC,-22.6667,167.4833,74.37,78,14,8.57,few clouds
439,Hirado,JP,33.3597,129.5531,51.39,51,3,13.49,clear sky
440,Turayf,SA,31.6725,38.6637,59.88,77,47,9.42,scattered clouds
441,Cabedelo,BR,-6.9811,-34.8339,78.49,78,35,10.76,scattered clouds
442,Saint Anthony,US,45.0205,-93.218,33.13,92,100,6.91,mist
443,Itau De Minas,BR,-20.7394,-46.7522,69.46,87,100,1.95,overcast clouds
444,Skibbereen,IE,51.55,-9.2667,45.1,82,99,18.07,overcast clouds
445,Yining,CN,29.0361,114.5636,54.36,85,81,0.89,broken clouds
446,Raudeberg,NO,61.9875,5.1352,53.87,51,82,10.36,broken clouds
447,Miquelon,PM,47.0975,-56.3814,35.6,63,100,22.17,overcast clouds
448,Sept-Iles,CA,50.2001,-66.3821,24.06,77,36,1.99,scattered clouds
449,Hay River,CA,60.8156,-115.7999,19.65,78,38,17.56,scattered clouds
450,Maniitsoq,GL,65.4167,-52.9,21.07,86,100,7.92,overcast clouds
451,Alofi,NU,-19.0595,-169.9187,80.49,83,75,8.05,broken clouds
452,Cayeli,TR,41.0923,40.7292,54.7,59,1,4.52,clear sky
453,Denia,ES,38.8408,0.1057,71.85,56,57,5.99,broken clouds
454,Pyay,MM,18.8167,95.2167,69.12,73,22,5.37,few clouds
455,Aripuana,BR,-9.1667,-60.6333,73.31,98,100,2.04,moderate rain
456,Mehamn,NO,71.0357,27.8492,40.91,81,75,16.11,broken clouds
457,Katsuyama,JP,36.0617,136.501,48.15,88,42,0.45,scattered clouds
458,Lahijan,IR,37.2061,50.0029,56.68,85,64,3.56,broken clouds
459,Kavieng,PG,-2.5744,150.7967,83.95,64,99,10.16,overcast clouds
460,Kolokani,ML,13.5728,-8.0339,82.92,23,100,7.09,overcast clouds
461,Bristol,US,41.8334,-71.1662,42.4,62,100,3.0,overcast clouds
462,Ha Tinh,VN,18.3333,105.9,72.32,94,13,2.33,few clouds
463,Sur,OM,22.5667,59.5289,78.1,61,0,4.5,clear sky
464,Tanout,NE,14.9709,8.8879,69.53,22,4,11.27,clear sky
465,Caxito,AO,-8.5785,13.6643,73.22,81,78,2.37,broken clouds
466,Krasnaya Gora,RU,52.9995,31.6023,36.84,90,100,6.06,overcast clouds
467,Gravdal,NO,68.1214,13.5031,31.89,86,0,3.44,clear sky
468,Marawi,PH,7.9986,124.2928,71.22,91,100,1.16,overcast clouds
469,Dourbali,TD,11.8091,15.8632,77.14,23,21,12.73,few clouds
470,Enterprise,US,36.0252,-115.2419,58.64,21,20,17.27,few clouds
471,Lucea,JM,18.451,-78.1736,81.86,78,9,15.35,clear sky
472,Mushie,CD,-3.0167,16.9,71.02,96,96,2.04,overcast clouds
473,Cutervo,PE,-6.379,-78.8157,53.56,89,100,2.01,overcast clouds
474,Tete,MZ,-16.1564,33.5867,76.64,71,55,5.48,broken clouds
475,Obera,AR,-27.4871,-55.1199,63.5,65,0,1.36,clear sky
476,Berlevag,NO,70.8578,29.0864,40.95,87,75,25.32,broken clouds
477,Listvyanskiy,RU,54.4399,83.4984,31.48,94,100,21.81,light snow
478,Sergeyevka,KZ,53.88,67.4158,21.34,93,100,10.0,light snow
479,Pyshchug,RU,58.8873,45.7134,18.84,69,83,3.36,broken clouds
480,Loum,CM,4.7182,9.7351,72.81,94,99,2.24,light rain
481,Kutum,SD,14.2,24.6667,62.28,27,7,10.04,clear sky
482,Soyo,AO,-6.1349,12.3689,76.91,78,95,8.3,overcast clouds
483,Shimoda,JP,34.6667,138.95,57.11,62,0,19.17,clear sky
484,Praxedis Guerrero,MX,31.3667,-106.0167,55.63,28,100,12.97,overcast clouds
485,Sandy Bay,AU,-42.913,147.3532,51.69,62,75,17.27,broken clouds
486,Sarkand,KZ,45.41,79.9186,40.86,63,100,4.68,overcast clouds
487,Halifax,CA,44.6453,-63.5724,37.47,71,73,12.66,broken clouds
488,Inirida,CO,3.8653,-67.9239,77.67,88,100,1.32,overcast clouds
489,Hambantota,LK,6.1241,81.1185,76.06,88,100,7.14,overcast clouds
490,Zhangye,CN,38.9342,100.4517,36.27,24,0,6.8,clear sky
491,Kantilo,IN,20.35,85.1833,61.02,64,6,3.85,clear sky
492,Auki,SB,-8.7676,160.7034,85.64,63,55,1.57,broken clouds
493,Poya,NC,-21.35,165.15,81.97,61,16,1.66,few clouds
494,Bonthe,SL,7.5264,-12.505,77.74,81,99,2.35,light rain
495,Acajutla,SV,13.5928,-89.8275,82.49,73,37,2.84,scattered clouds
496,Virudunagar,IN,9.6,77.9667,73.22,91,78,6.06,broken clouds
497,Gizo,SB,-8.103,156.8419,84.38,68,95,6.96,overcast clouds
498,Richards Bay,ZA,-28.783,32.0377,67.14,82,20,11.01,few clouds
499,Beloha,MG,-25.1667,45.05,72.7,84,84,3.53,broken clouds
500,Katherine,AU,-14.4667,132.2667,82.72,78,40,3.44,scattered clouds
501,Ipubi,BR,-7.6519,-40.1489,79.09,47,63,3.51,broken clouds
502,Isabela,PH,6.7085,121.9711,81.48,82,99,1.36,overcast clouds
503,Camana,PE,-16.6228,-72.7111,66.38,79,37,5.28,scattered clouds
504,Fatsa,TR,41.0278,37.5014,52.45,71,48,5.48,scattered clouds
505,Atocha,BO,-20.9333,-66.2333,56.52,37,40,9.91,scattered clouds
506,Laukaa,RU,58.7372,29.8453,32.58,82,100,9.04,overcast clouds
507,Victoria Point,AU,-27.5833,153.3,81.34,53,65,3.0,broken clouds
508,Zhoukou,CN,33.6333,114.6333,47.44,67,72,5.73,broken clouds
509,Chimoio,MZ,-19.1164,33.4833,64.35,87,37,0.72,scattered clouds
510,Vallenar,CL,-28.5708,-70.7581,72.7,46,100,5.41,overcast clouds
511,Fortuna,US,40.5982,-124.1573,60.93,74,0,1.01,clear sky
512,Marienburg,PL,54.0359,19.0266,44.85,79,100,6.06,overcast clouds
513,Huarmey,PE,-10.0681,-78.1522,66.15,80,53,8.01,broken clouds
514,Melville,US,40.7934,-73.4151,46.35,73,100,6.91,overcast clouds
515,San Jose,US,37.3394,-121.895,67.75,34,0,13.42,clear sky
516,Ayagoz,KZ,47.9714,80.4392,30.51,91,63,12.48,broken clouds
517,Quatre Cocos,MU,-20.2078,57.7625,67.08,60,39,7.47,scattered clouds
518,Pangoa,PE,-12.1167,-73.0,70.97,97,100,3.83,light rain
519,Tomatlan,MX,19.9333,-105.25,84.99,59,0,6.02,clear sky
520,Leningradskiy,RU,69.3833,178.4167,7.39,94,100,5.08,overcast clouds
521,Bamenda,CM,5.9527,10.1582,62.49,83,86,1.16,overcast clouds
522,San Cristobal,VE,7.7669,-72.225,67.96,96,83,2.55,broken clouds
523,Grindavik,IS,63.8424,-22.4338,45.07,93,100,9.22,light rain
524,Dongsheng,CN,39.8161,109.9776,32.16,40,70,8.7,broken clouds
525,Lexington Park,US,38.2668,-76.4538,51.64,88,100,6.91,moderate rain
526,Sabha,LY,27.0377,14.4283,61.77,36,100,1.79,overcast clouds
527,Kholodnyy,RU,62.7167,147.95,-11.43,92,100,5.08,overcast clouds
528,Nador,MA,35.174,-2.9287,70.05,60,0,4.61,clear sky
529,Bulancak,TR,40.9372,38.2291,48.02,93,20,1.14,few clouds
530,Caravelas,BR,-17.7125,-39.2481,76.57,87,99,9.98,overcast clouds
531,Paamiut,GL,61.994,-49.6678,18.37,83,79,9.37,broken clouds
532,Benguela,AO,-12.5763,13.4055,73.04,75,76,4.92,broken clouds
533,Misratah,LY,32.3754,15.0925,67.98,59,0,9.55,clear sky
534,Niteroi,BR,-22.8833,-43.1036,74.82,88,75,9.22,light rain
535,Toora-Khem,RU,52.4675,96.11,17.83,96,98,2.84,overcast clouds
536,Najran,SA,17.4924,44.1277,59.29,37,0,1.68,clear sky
537,Vanavara,RU,60.34,102.2797,8.01,97,99,2.15,overcast clouds
538,Likasi,CD,-10.9814,26.7333,61.75,95,100,2.53,light rain
539,Kimbe,PG,-5.5502,150.1429,85.77,66,76,2.46,broken clouds
540,Okato,NZ,-39.2,173.8833,66.9,97,96,4.0,light rain
541,Dengzhou,CN,37.8086,120.7508,47.66,63,0,10.65,clear sky
542,Kailua,US,21.4022,-157.7394,84.18,62,32,4.0,scattered clouds
543,Puerto Princesa,PH,9.7392,118.7353,80.58,83,75,6.91,broken clouds
544,Highland,US,34.1283,-117.2086,71.96,27,0,5.01,clear sky
545,Seoul,KR,37.5683,126.9778,42.19,71,4,2.75,clear sky
546,Duluth,US,46.7833,-92.1066,34.29,88,100,5.75,mist
547,Zaranj,AF,30.9667,61.8833,58.98,19,0,6.64,clear sky
548,Santa Rosa,PH,14.3122,121.1114,79.09,95,37,10.71,scattered clouds
549,Lagoa,PT,39.05,-27.9833,63.68,93,9,25.34,clear sky
550,Deputatskiy,RU,69.3,139.9,-31.77,99,16,4.09,few clouds
551,Fortuna Foothills,US,32.6578,-114.4119,68.22,21,61,7.0,broken clouds
552,Soke,ML,13.598,-5.9386,82.27,17,100,7.99,overcast clouds
553,Nosy Varika,MG,-20.5833,48.5333,72.03,85,100,7.16,light rain
554,Gazli,UZ,40.1333,63.45,43.86,51,74,7.29,broken clouds
555,Linxia,CN,35.6003,103.2064,36.37,78,40,2.64,scattered clouds
556,Moose Factory,CA,51.2585,-80.6094,9.18,97,71,1.32,broken clouds
557,Narsaq,GL,60.9167,-46.05,30.42,95,100,3.58,light snow
558,Makubetsu,JP,45.3714,141.8211,33.39,91,85,5.28,light snow
559,Hannibal,US,39.7084,-91.3585,36.55,87,100,8.05,overcast clouds
560,Inta,RU,66.0317,60.1659,-11.72,93,14,7.76,few clouds
561,Chum Phae,TH,16.5443,102.0992,75.69,77,94,1.36,overcast clouds
562,Saint-Pierre,RE,-21.3393,55.4781,75.56,49,75,3.44,broken clouds
563,Sibu,MY,2.3,111.8167,73.78,99,100,2.01,overcast clouds
564,Barvinkove,UA,48.9097,37.0205,32.72,83,87,10.13,overcast clouds
565,Rochegda,RU,62.8,43.25,20.66,73,88,3.02,overcast clouds
566,Port Hedland,AU,-20.3167,118.5667,71.65,94,75,0.0,light intensity shower rain
567,San Juan,AR,-31.5375,-68.5364,87.66,20,100,14.58,overcast clouds
568,Ossora,RU,59.2353,163.0719,26.76,71,100,11.83,overcast clouds
569,Moree,AU,-29.4667,149.85,63.55,40,0,15.1,clear sky
570,Beringovskiy,RU,63.05,179.3167,38.21,95,100,30.31,heavy intensity rain
571,Ridgecrest,US,35.6225,-117.6709,64.26,17,0,11.99,clear sky
572,Newport,GB,51.5877,-2.9984,48.74,89,47,10.85,scattered clouds
573,Les Cayes,HT,18.2,-73.75,78.76,80,24,2.21,few clouds
574,Karpogory,RU,64.0019,44.4451,18.84,92,100,5.35,overcast clouds
575,Ingham,US,42.6,-84.3833,33.98,92,100,9.73,light snow
576,Bara,NG,10.3744,10.7288,73.18,33,21,7.65,few clouds
577,Bridgeton,US,39.4273,-75.2341,48.15,80,100,8.05,overcast clouds
578,Cabra,ES,37.4725,-4.4421,59.25,88,99,12.86,overcast clouds
579,Saldanha,ZA,-33.0117,17.9442,63.46,83,99,2.82,light rain
580,Tamiahua,MX,21.2667,-97.45,65.57,82,100,16.93,light rain
581,Carutapera,BR,-1.195,-46.02,77.67,78,30,7.78,scattered clouds
582,Palm Coast,US,29.585,-81.2078,77.0,90,0,0.0,clear sky
583,Rudsar,IR,37.1376,50.288,57.52,85,57,2.55,broken clouds
584,Bonfim,BR,3.0833,-59.95,83.46,65,94,6.78,overcast clouds
585,Arman,RU,59.7,150.1667,0.37,75,11,6.98,few clouds
586,Khuzdar,PK,27.7384,66.6434,59.43,66,10,2.68,clear sky
587,Tolga,DZ,34.7222,5.3785,63.63,40,4,4.23,clear sky
588,Yulara,AU,-25.2406,130.9889,68.18,59,100,14.7,overcast clouds
589,Chiquinquira,CO,5.6164,-73.8175,53.92,96,100,2.24,overcast clouds
590,Draganesti-Vlasca,RO,44.1014,25.5981,44.47,79,43,4.23,scattered clouds
591,Antofagasta,CL,-23.65,-70.4,63.68,69,0,4.7,clear sky
592,Kargasok,RU,59.0556,80.8572,18.57,95,100,10.38,light snow
593,Kota Kinabalu,MY,5.9749,116.0724,75.18,94,20,3.44,few clouds
594,Bagdarin,RU,54.4333,113.6,11.64,83,42,1.23,scattered clouds
595,Korla,CN,41.7597,86.1469,35.51,50,52,5.41,broken clouds
596,Thurso,GB,58.5927,-3.5259,50.86,85,100,10.56,overcast clouds
597,Lloydminster,CA,53.2835,-110.0016,28.51,91,54,12.66,broken clouds
598,Noumea,NC,-22.2763,166.4572,85.98,99,1,5.44,clear sky
599,Fuyu,CN,45.1833,124.8167,21.67,72,12,9.6,few clouds
600,San Carlos De Bariloche,AR,-41.1456,-71.3082,55.22,79,27,8.81,scattered clouds
601,Koygorodok,RU,60.445,50.9968,10.06,93,78,3.6,broken clouds
602,Lodja,CD,-3.4833,23.4333,69.3,100,100,0.29,light rain
603,Vostok,RU,46.4856,135.8833,14.32,86,74,3.0,broken clouds
604,Murray Bridge,AU,-35.1167,139.2667,55.13,60,95,8.19,overcast clouds
605,Nueva Guinea,NI,11.6876,-84.4562,73.47,97,100,4.9,overcast clouds
606,Awjilah,LY,29.1081,21.2869,61.41,51,0,3.47,clear sky
607,Daloa,CI,6.8774,-6.4502,72.25,87,65,3.42,broken clouds
608,Elko,US,41.0002,-115.5012,33.82,58,2,5.99,clear sky
609,Bam,IR,29.106,58.357,58.77,45,0,1.3,clear sky
610,Kita,ML,13.0349,-9.4895,82.92,36,100,3.71,overcast clouds
611,Sarangani,PH,5.4033,125.4636,82.54,75,100,5.1,light rain
612,Morgan City,US,29.6994,-91.2068,49.01,81,100,18.41,overcast clouds
613,Apt,FR,43.8833,5.4,55.76,90,100,10.31,overcast clouds
614,Ihosy,MG,-22.4,46.1167,65.71,90,100,4.59,overcast clouds
615,Nisia Floresta,BR,-6.0911,-35.2086,77.23,77,26,8.97,scattered clouds
616,Asyut,EG,27.181,31.1837,61.27,44,0,8.63,clear sky
617,Biltine,TD,14.5333,20.9167,72.07,23,4,8.19,clear sky
618,Shenjiamen,CN,29.9576,122.298,57.69,66,22,6.6,few clouds
619,Kommunisticheskiy,RU,61.6789,64.4819,-5.64,93,96,6.38,overcast clouds
620,Celestun,MX,20.8667,-90.4,80.92,65,5,12.03,clear sky
621,Ruteng,ID,-8.6136,120.4721,67.5,85,69,0.65,broken clouds
622,Ancud,CL,-41.8697,-73.8203,54.01,98,100,10.56,overcast clouds
623,Uglovskoye,RU,51.3557,80.1942,34.18,70,43,14.18,scattered clouds
624,Ziro,IN,27.6333,93.8333,41.23,77,59,2.39,broken clouds
625,Magistralnyy,RU,56.1725,107.4458,28.09,95,100,5.68,overcast clouds
626,North Bend,US,43.4065,-124.2243,64.31,44,0,9.22,clear sky
627,Develi,TR,38.3906,35.4922,34.95,79,100,2.84,overcast clouds
628,Pitimbu,BR,-7.4706,-34.8086,78.44,79,41,10.13,scattered clouds
629,Del Rio,US,29.3627,-100.8968,57.6,33,0,6.91,clear sky
630,Warrnambool,AU,-38.3833,142.4833,53.11,59,96,14.12,overcast clouds
631,Concepcion Del Oro,MX,24.6333,-101.4167,68.56,33,1,15.52,clear sky
632,Bath,GB,51.3779,-2.3591,48.15,93,27,7.27,scattered clouds
633,Opuwo,NA,-18.0607,13.84,67.17,34,1,1.07,clear sky
634,Mandsaur,IN,24.0667,75.0667,65.44,40,0,0.51,clear sky
635,Nantucket,US,41.2835,-70.0995,45.14,65,100,4.61,overcast clouds
636,Luganville,VU,-15.5333,167.1667,84.58,69,3,4.88,clear sky
637,Takhtamygda,RU,54.1,123.5667,-3.06,98,36,2.46,scattered clouds
638,Japura,ID,-0.3167,102.35,73.49,95,98,2.17,overcast clouds
639,Safford,US,32.834,-109.7076,63.52,19,0,6.91,clear sky
640,Brasilia,BR,-15.7797,-47.9297,64.62,96,89,2.89,heavy intensity rain
641,Ahipara,NZ,-35.1667,173.1667,66.81,82,100,1.32,overcast clouds
642,Khorramshahr,IR,30.4397,48.1664,73.17,24,22,5.88,few clouds
643,Brighton,GB,50.8284,-0.1395,52.81,84,55,17.0,broken clouds
644,Tocopilla,CL,-22.092,-70.1979,65.37,74,24,8.37,few clouds
645,Nagua,DO,19.3832,-69.8474,78.85,94,20,6.91,few clouds
646,Dwarka,IN,22.2394,68.9678,78.57,62,1,10.92,clear sky
647,Santa Fe,AR,-31.6333,-60.7,82.02,58,25,7.07,scattered clouds
648,Pangody,RU,65.85,74.4859,-15.66,96,13,5.06,few clouds
649,Dhidhdhoo,MV,6.8833,73.1,80.87,78,90,7.83,overcast clouds
650,San Policarpo,PH,12.1791,125.5072,82.0,83,80,14.2,broken clouds
651,Husavik,IS,66.0449,-17.3389,44.13,91,100,10.31,overcast clouds
652,Corinto,GR,37.9407,22.9573,58.89,85,100,2.59,overcast clouds
653,Kashi,CN,39.4547,75.9797,34.93,42,3,0.29,clear sky
654,Stephenville,US,32.2207,-98.2023,47.19,55,0,6.91,clear sky
655,Salvador,SV,13.8333,-88.9167,79.2,85,36,2.28,scattered clouds
656,Nizwa,OM,22.9333,57.5333,72.16,43,0,3.85,clear sky
657,Puerto Narino,CO,-3.7703,-70.3831,73.78,93,100,1.12,overcast clouds
658,Saint-Joseph,RE,-21.3667,55.6167,74.46,75,23,10.07,light rain
659,Haines Junction,CA,60.7522,-137.5108,26.71,89,100,1.99,overcast clouds
660,Dryden,CA,49.7833,-92.7503,23.29,93,100,8.05,overcast clouds
661,La Ronge,CA,55.1001,-105.2842,26.82,86,100,3.44,light snow
662,Irbil,IQ,36.1926,44.0106,49.82,46,3,0.0,clear sky
663,Natal,BR,-5.795,-35.2094,78.44,73,42,11.01,scattered clouds
664,Aranos,NA,-24.1333,19.1167,75.33,19,5,6.58,clear sky
665,Ornes,NO,66.8689,13.7078,41.14,33,1,9.06,clear sky
666,Teahupoo,PF,-17.8333,-149.2667,78.76,82,97,8.48,light rain
667,Leninskoye,KZ,41.7589,69.3864,35.83,98,100,5.77,overcast clouds
668,Diofior,SN,14.1833,-16.6667,80.06,56,57,6.91,broken clouds
669,Wainwright,CA,52.839,-110.8572,30.67,88,52,14.81,broken clouds
670,Vestmanna,FO,62.1564,-7.1664,47.32,87,75,27.63,light rain
671,Palana,RU,59.1167,159.9667,25.57,91,100,15.99,snow
672,Ibague,CO,4.4389,-75.2322,68.07,95,100,3.04,overcast clouds
673,Stromness,GB,58.965,-3.296,51.76,90,100,20.0,overcast clouds
674,Tiznit,MA,29.5833,-9.5,66.45,25,25,1.83,scattered clouds
675,Farafangana,MG,-22.8167,47.8333,73.38,75,100,11.74,overcast clouds
676,Tame,CO,6.461,-71.73,75.83,86,78,4.52,broken clouds
677,Coahuayana,MX,18.7333,-103.6833,84.06,63,52,5.7,broken clouds
678,Wanlaweyn,SO,2.6185,44.8938,76.5,82,44,5.7,scattered clouds
679,Karpathos,GR,35.507,27.2132,60.76,72,38,10.36,scattered clouds
680,Kurilsk,RU,45.2333,147.8833,40.17,87,100,4.0,overcast clouds
681,Ashland,US,40.8167,-82.2665,36.1,94,97,7.09,overcast clouds
682,Broken Hill,AU,-31.95,141.4333,53.92,50,1,14.99,clear sky
683,Lindi,TZ,-10.0,39.7167,73.65,92,25,1.21,scattered clouds
684,Cap Malheureux,MU,-19.9842,57.6142,67.46,66,51,5.01,broken clouds
685,Mecca,SA,21.4267,39.8261,77.74,73,2,2.39,clear sky
686,Sokolskoye,RU,57.1412,43.1589,28.29,76,90,2.19,overcast clouds
687,Qasigiannguit,GL,68.8193,-51.1922,25.05,95,94,4.61,overcast clouds
688,Pyinmana,MM,19.7333,96.2167,68.29,91,13,2.35,few clouds
689,Manzhouli,CN,49.6,117.4333,14.5,90,68,4.32,broken clouds
690,Sorong,ID,-0.8833,131.25,81.1,80,100,3.02,light rain
691,Doha,QA,25.2867,51.5333,76.98,81,0,1.14,clear sky
